PROTOCOL	SUBJECTID	LGMID	SEX	YEAROFBIRTH	GENENAME_FAMILIAL	CHROMOSOME_FAMILIAL	POSITION_FAMILIAL	REFERENCE_FAMILIAL	ALTERNATE_FAMILIAL	TRANSCRIPT_FAMILIAL	C_SYNTAX_FAMILIAL	P_SYNTAX_FAMILIAL	ZYGOSITY_FAMILIAL	GENENAME_NON-FAMILIAL	CHROMOSOME_NON-FAMILIAL	POSITION_NON-FAMILIAL	REFERENCE_NON-FAMILIAL	ALTERNATE_NON-FAMILIAL	TRANSCRIPT_NON-FAMILIAL	C_SYNTAX_NON-FAMILIAL	P_SYNTAX_NON-FAMILIAL	ZYGOSITY_NON-FAMILIAL	APOE_C130R_rs429358_STATUS	APOE_R176C_rs7412_STATUS	BDNF_V66M_rs6265_STATUS
DIAN-CRI	6013001	G20-992	Female	1978	PSEN1	chr14	73653568	A	G	NM_000021.3	c.488A>G	p.H163R	Heterozygous												Heterozygous
CLIA	1074003	G22-6295	Female	1980	APP	chr2	27264167	T	C	NM_000484.4	c.2078A>G	p.Glu693Gly	Heterozygous											homozygous	
DIAN-CRI	6013010	G22-979	Female	1983	PSEN1	chr14	73659500	A	C	NM_000021.3	c.697A>C	p.M233L	heterozygous												
DIAN-CRI	2403042	G22-2307	Female	1966																			heterozygous	heterozygous	
DIAN-CRI	9603014	G22-879	Male	1991	PSEN1																			Homozygous	Heterozygous
DIAN	4011006	G15-1847B	Female	1987	PSEN1	chr14	73683878	C	G	NM_000021.3	c.1174C>G	p.L392V	Heterozygous												
DIAN-CRI	2403031	G21-5848	Male	1989	PSEN1																		Heterozygosity		
DIAN	1011004	G13-2404B	Male	1977	PSEN1	chr14	73659452	G	C	NM_000021.3	c.649G>C	p.G217R	Heterozygous										Heterozygosity	Heterozygosity	
DIAN-CRI	3013003	G21-5781	Male	1970	PSEN1																		Heterozygosity		Heterozygosity
DIAN	4011007	G15-1846B	Male	1983																					Heterozygosity
DIAN-CRI	6013010	G22-979	Female	1983	PSEN1	chr14	73659500	A	C	NM_000021.3	c.697A>C	p.M233L	heterozygous												
DIAN-CRI	9603014	G22-879	Male	1991	APP																			Homozygous	Heterozygous
DIAN	1281010	G15-4718B	Female	1972																					Heterozygosity
DIAN	3011007	G15-4528B	Male	1974	PSEN1								heterozygous												
DIAN-CRI	9603014	G22-879	Male	1991	PSEN1																			Homozygous	Heterozygous
CLIA	1054005	G22-5841	Female	1980	PSEN1	chr1	73659420	G	C	NM_000021.4	c.617G>C	p.Gly206Ala	Heterozygous										heterozygous	heterozygous	heterozygous
CLIA	2403059	G22-5029	Female	1977	PSEN1	chr1	73683951	T	C	NM_000021.4	c.1247T>C	p.Ile416Thr	Heterozygous										heterozygous	heterozygous	heterozygous
CLIA	2403047	G22-2761	Female	1978	PSEN1	chr1	73683951	T	C	NM_000021.4	c.1247T>C	p.Ile416Thr	Heterozygous										heterozygous	heterozygous	heterozygous
CLIA	2403050	G22-2886	Female	1971	PSEN1																		heterozygous		
CLIA	2403064	G22-5293	Male	1989	PSEN1	chr1	73664760	C	T	NM_000021.4	c.791C>T	p.Pro264Leu	Heterozygous												
